{
    "sharpe": -1.7823179544611116,
    "annual_return": -0.7422821517657833,
    "max_drawdown": -0.22967801402723728,
    "information_ratio": -0.1479367581229124,
    "annual_excess_return": -0.049659815820095855,
    "excess_max_drawdown": -0.1648072632296378
}