{
    "sharpe": -3.5371736836975005,
    "annual_return": -0.9733318624304598,
    "max_drawdown": -0.13988382466735383,
    "information_ratio": -0.973179310799496,
    "annual_excess_return": -0.19249639286665768,
    "excess_max_drawdown": -0.07300544627608796
}