{
    "sharpe": 7.059483874215145,
    "annual_return": 5.211799440870543,
    "max_drawdown": -0.2867888950950278,
    "information_ratio": 9.014071588148376,
    "annual_excess_return": 5.151682961224628,
    "excess_max_drawdown": -0.2351325893050803
}